Item,Support,MIS,Length
['abstract'],0.9693537641572285,0.19387075283144573,1.0
['algorithm'],0.72618254497002,0.145236508994004,1.0
['analysis'],0.6042638241172552,0.12085276482345104,1.0
['approach'],0.6602265156562291,0.13204530313124582,1.0
['case'],0.7588274483677548,0.15176548967355097,1.0
['data'],0.7628247834776816,0.15256495669553632,1.0
['error'],0.6522318454363758,0.13044636908727517,1.0
['form'],0.7121918720852765,0.14243837441705529,1.0
['function'],0.9173884077281812,0.18347768154563626,1.0
['general'],0.620253164556962,0.1240506329113924,1.0
['input'],0.8054630246502332,0.16109260493004665,1.0
['introduction'],0.866089273817455,0.17321785476349102,1.0
['large'],0.72618254497002,0.145236508994004,1.0
['learning'],0.7681545636242505,0.1536309127248501,1.0
['linear'],0.6255829447035309,0.12511658894070618,1.0
['model'],0.843437708194537,0.16868754163890742,1.0
['network'],0.8667554963357762,0.17335109926715525,1.0
['neural'],0.9107261825449701,0.18214523650899403,1.0
['non'],0.6102598267821452,0.12205196535642904,1.0
['number'],0.8627581612258495,0.1725516322451699,1.0
['order'],0.7361758827448368,0.14723517654896737,1.0
['output'],0.7115256495669554,0.1423051299133911,1.0
['paper'],0.7395069953364424,0.14790139906728847,1.0
['parameter'],0.714856762158561,0.1429713524317122,1.0
['performance'],0.6229180546302465,0.1245836109260493,1.0
['point'],0.7248500999333778,0.14497001998667555,1.0
['problem'],0.8041305796135909,0.1608261159227182,1.0
['references'],0.9487008660892738,0.18974017321785477,1.0
['research'],0.6309127248501,0.12618254497002,1.0
['result'],0.9380413057961359,0.18760826115922719,1.0
['science'],0.6002664890073285,0.1200532978014657,1.0
['set'],0.8967355096602265,0.1793471019320453,1.0
['similar'],0.664890073284477,0.1329780146568954,1.0
['simple'],0.6775483011325782,0.13550966022651564,1.0
['small'],0.6988674217188541,0.13977348434377082,1.0
['space'],0.6628914057295137,0.13257828114590273,1.0
['system'],0.9000666222518321,0.18001332445036644,1.0
['term'],0.6662225183211192,0.13324450366422386,1.0
['tion'],0.620253164556962,0.1240506329113924,1.0
['training'],0.619586942038641,0.1239173884077282,1.0
['unit'],0.6062624916722186,0.12125249833444372,1.0
['university'],0.6848767488341105,0.1369753497668221,1.0
['weight'],0.6375749500333111,0.12751499000666222,1.0
['information'],0.7994670219853431,0.15989340439706864,1.0
['mean'],0.6828780812791473,0.13657561625582945,1.0
['method'],0.6935376415722851,0.13870752831445704,1.0
['single'],0.6915389740173218,0.13830779480346436,1.0
['values'],0.7048634243837442,0.14097268487674883,1.0
['computation'],0.619586942038641,0.1239173884077282,1.0
['processing'],0.7221852098600933,0.14443704197201865,1.0
"['science', 'analysis']",0.37108594270486345,0.1200532978014657,2.0
"['science', 'unit']",0.379746835443038,0.1200532978014657,2.0
"['science', 'non']",0.3757495003331113,0.1200532978014657,2.0
"['science', 'training']",0.38374417055296467,0.1200532978014657,2.0
"['science', 'computation']",0.3977348434377082,0.1200532978014657,2.0
"['science', 'tion']",0.3864090606262492,0.1200532978014657,2.0
"['science', 'general']",0.3757495003331113,0.1200532978014657,2.0
"['science', 'performance']",0.3864090606262492,0.1200532978014657,2.0
"['science', 'linear']",0.3690872751499001,0.1200532978014657,2.0
"['science', 'research']",0.4050632911392405,0.1200532978014657,2.0
"['science', 'weight']",0.4037308461025983,0.1200532978014657,2.0
"['science', 'error']",0.4037308461025983,0.1200532978014657,2.0
"['science', 'approach']",0.40706195869420386,0.1200532978014657,2.0
"['science', 'space']",0.4110592938041306,0.1200532978014657,2.0
"['science', 'similar']",0.41372418387741505,0.1200532978014657,2.0
"['science', 'term']",0.40639573617588276,0.1200532978014657,2.0
"['science', 'simple']",0.4123917388407728,0.1200532978014657,2.0
"['science', 'mean']",0.41372418387741505,0.1200532978014657,2.0
"['science', 'university']",0.47834776815456365,0.1200532978014657,2.0
"['science', 'single']",0.42638241172551633,0.1200532978014657,2.0
"['science', 'method']",0.42771485676215854,0.1200532978014657,2.0
"['science', 'small']",0.42371752165223187,0.1200532978014657,2.0
"['science', 'values']",0.4363757495003331,0.1200532978014657,2.0
"['science', 'output']",0.43037974683544306,0.1200532978014657,2.0
"['science', 'form']",0.42438374417055297,0.1200532978014657,2.0
"['science', 'parameter']",0.43770819453697535,0.1200532978014657,2.0
"['science', 'processing']",0.44103930712858097,0.1200532978014657,2.0
"['science', 'point']",0.43837441705529645,0.1200532978014657,2.0
"['science', 'algorithm']",0.4463690872751499,0.1200532978014657,2.0
"['science', 'large']",0.4417055296469021,0.1200532978014657,2.0
"['science', 'order']",0.44370419720186544,0.1200532978014657,2.0
"['science', 'paper']",0.45103264490339773,0.1200532978014657,2.0
"['science', 'case']",0.4576948700866089,0.1200532978014657,2.0
"['science', 'data']",0.46169220519653564,0.1200532978014657,2.0
"['science', 'learning']",0.47901399067288475,0.1200532978014657,2.0
"['science', 'information']",0.49100599600266487,0.1200532978014657,2.0
"['science', 'problem']",0.4870086608927382,0.1200532978014657,2.0
"['science', 'input']",0.49633577614923385,0.1200532978014657,2.0
"['science', 'model']",0.5229846768820786,0.1200532978014657,2.0
"['science', 'number']",0.5243171219187208,0.1200532978014657,2.0
"['science', 'introduction']",0.5243171219187208,0.1200532978014657,2.0
"['science', 'network']",0.5323117921385743,0.1200532978014657,2.0
"['science', 'set']",0.5502998001332445,0.1200532978014657,2.0
"['science', 'system']",0.5502998001332445,0.1200532978014657,2.0
"['science', 'neural']",0.5529646902065289,0.1200532978014657,2.0
"['science', 'function']",0.558294470353098,0.1200532978014657,2.0
"['science', 'result']",0.5749500333111259,0.1200532978014657,2.0
"['science', 'references']",0.5829447035309794,0.1200532978014657,2.0
"['science', 'abstract']",0.5949367088607594,0.1200532978014657,2.0
"['analysis', 'unit']",0.3737508327781479,0.12085276482345104,2.0
"['analysis', 'non']",0.391072618254497,0.12085276482345104,2.0
"['analysis', 'training']",0.3870752831445703,0.12085276482345104,2.0
"['analysis', 'computation']",0.38241172551632246,0.12085276482345104,2.0
"['analysis', 'tion']",0.3870752831445703,0.12085276482345104,2.0
"['analysis', 'general']",0.38907395069953365,0.12085276482345104,2.0
"['analysis', 'performance']",0.38507661558960693,0.12085276482345104,2.0
"['analysis', 'linear']",0.39973351099267157,0.12085276482345104,2.0
"['analysis', 'research']",0.3917388407728181,0.12085276482345104,2.0
"['analysis', 'weight']",0.3937375083277815,0.12085276482345104,2.0
"['analysis', 'error']",0.4117255163224517,0.12085276482345104,2.0
"['analysis', 'approach']",0.4163890739506995,0.12085276482345104,2.0
"['analysis', 'space']",0.4050632911392405,0.12085276482345104,2.0
"['analysis', 'similar']",0.42038640906062624,0.12085276482345104,2.0
"['analysis', 'term']",0.4170552964690207,0.12085276482345104,2.0
"['analysis', 'simple']",0.41305796135909395,0.12085276482345104,2.0
"['analysis', 'mean']",0.43171219187208526,0.12085276482345104,2.0
"['analysis', 'university']",0.4283810792804797,0.12085276482345104,2.0
"['analysis', 'single']",0.42704863424383743,0.12085276482345104,2.0
"['analysis', 'method']",0.435709526982012,0.12085276482345104,2.0
"['analysis', 'small']",0.4343770819453698,0.12085276482345104,2.0
"['analysis', 'values']",0.44437041972018654,0.12085276482345104,2.0
"['analysis', 'output']",0.4323784143904064,0.12085276482345104,2.0
"['analysis', 'form']",0.4350433044636909,0.12085276482345104,2.0
"['analysis', 'parameter']",0.447035309793471,0.12085276482345104,2.0
"['analysis', 'processing']",0.4417055296469021,0.12085276482345104,2.0
"['analysis', 'point']",0.4563624250499667,0.12085276482345104,2.0
"['analysis', 'algorithm']",0.44503664223850764,0.12085276482345104,2.0
"['analysis', 'large']",0.44770153231179216,0.12085276482345104,2.0
"['analysis', 'order']",0.46835443037974683,0.12085276482345104,2.0
"['analysis', 'paper']",0.4603597601598934,0.12085276482345104,2.0
"['analysis', 'case']",0.47301798800799466,0.12085276482345104,2.0
"['analysis', 'data']",0.491672218520986,0.12085276482345104,2.0
"['analysis', 'learning']",0.46768820786142573,0.12085276482345104,2.0
"['analysis', 'information']",0.49100599600266487,0.12085276482345104,2.0
"['analysis', 'problem']",0.4870086608927382,0.12085276482345104,2.0
"['analysis', 'input']",0.4876748834110593,0.12085276482345104,2.0
"['analysis', 'model']",0.524983344437042,0.12085276482345104,2.0
"['analysis', 'number']",0.5376415722851432,0.12085276482345104,2.0
"['analysis', 'introduction']",0.5356429047301798,0.12085276482345104,2.0
"['analysis', 'network']",0.524983344437042,0.12085276482345104,2.0
"['analysis', 'set']",0.5522984676882079,0.12085276482345104,2.0
"['analysis', 'system']",0.5416389073950699,0.12085276482345104,2.0
"['analysis', 'neural']",0.5536309127248501,0.12085276482345104,2.0
"['analysis', 'function']",0.5616255829447035,0.12085276482345104,2.0
"['analysis', 'result']",0.5816122584943371,0.12085276482345104,2.0
"['analysis', 'references']",0.5822784810126582,0.12085276482345104,2.0
"['analysis', 'abstract']",0.5949367088607594,0.12085276482345104,2.0
"['unit', 'non']",0.3757495003331113,0.12125249833444372,2.0
"['unit', 'training']",0.4223850766155896,0.12125249833444372,2.0
"['unit', 'computation']",0.379746835443038,0.12125249833444372,2.0
"['unit', 'tion']",0.38241172551632246,0.12125249833444372,2.0
"['unit', 'general']",0.3770819453697535,0.12125249833444372,2.0
"['unit', 'performance']",0.38974017321785476,0.12125249833444372,2.0
"['unit', 'linear']",0.39506995336442374,0.12125249833444372,2.0
"['unit', 'research']",0.39040639573617586,0.12125249833444372,2.0
"['unit', 'weight']",0.43704197201865425,0.12125249833444372,2.0
"['unit', 'error']",0.41305796135909395,0.12125249833444372,2.0
"['unit', 'approach']",0.40173217854763493,0.12125249833444372,2.0
"['unit', 'space']",0.39640239840106595,0.12125249833444372,2.0
"['unit', 'similar']",0.4097268487674883,0.12125249833444372,2.0
"['unit', 'term']",0.4097268487674883,0.12125249833444372,2.0
"['unit', 'simple']",0.41905396402398404,0.12125249833444372,2.0
"['unit', 'mean']",0.42504996668887407,0.12125249833444372,2.0
"['unit', 'university']",0.4290473017988008,0.12125249833444372,2.0
"['unit', 'single']",0.4503664223850766,0.12125249833444372,2.0
"['unit', 'method']",0.41972018654230514,0.12125249833444372,2.0
"['unit', 'small']",0.4337108594270486,0.12125249833444372,2.0
"['unit', 'values']",0.4430379746835443,0.12125249833444372,2.0
"['unit', 'output']",0.48634243837441704,0.12125249833444372,2.0
"['unit', 'form']",0.43104596935376416,0.12125249833444372,2.0
"['unit', 'parameter']",0.44437041972018654,0.12125249833444372,2.0
"['unit', 'processing']",0.4696868754163891,0.12125249833444372,2.0
"['unit', 'point']",0.4497001998667555,0.12125249833444372,2.0
"['unit', 'algorithm']",0.44437041972018654,0.12125249833444372,2.0
"['unit', 'large']",0.4503664223850766,0.12125249833444372,2.0
"['unit', 'order']",0.45236508994004,0.12125249833444372,2.0
"['unit', 'paper']",0.4497001998667555,0.12125249833444372,2.0
"['unit', 'case']",0.46235842771485675,0.12125249833444372,2.0
"['unit', 'data']",0.4703530979347102,0.12125249833444372,2.0
"['unit', 'learning']",0.4876748834110593,0.12125249833444372,2.0
"['unit', 'information']",0.4943371085942705,0.12125249833444372,2.0
"['unit', 'problem']",0.48634243837441704,0.12125249833444372,2.0
"['unit', 'input']",0.5376415722851432,0.12125249833444372,2.0
"['unit', 'model']",0.5223184543637575,0.12125249833444372,2.0
"['unit', 'number']",0.5376415722851432,0.12125249833444372,2.0
"['unit', 'introduction']",0.536309127248501,0.12125249833444372,2.0
"['unit', 'network']",0.564290473017988,0.12125249833444372,2.0
"['unit', 'set']",0.5529646902065289,0.12125249833444372,2.0
"['unit', 'system']",0.5629580279813458,0.12125249833444372,2.0
"['unit', 'neural']",0.5716189207195204,0.12125249833444372,2.0
"['unit', 'function']",0.5636242504996669,0.12125249833444372,2.0
"['unit', 'result']",0.5756162558294471,0.12125249833444372,2.0
"['unit', 'references']",0.5822784810126582,0.12125249833444372,2.0
"['unit', 'abstract']",0.5962691538974018,0.12125249833444372,2.0
"['non', 'training']",0.38307794803464357,0.12205196535642904,2.0
"['non', 'computation']",0.3870752831445703,0.12205196535642904,2.0
"['non', 'tion']",0.3917388407728181,0.12205196535642904,2.0
"['non', 'general']",0.3944037308461026,0.12205196535642904,2.0
"['non', 'performance']",0.38907395069953365,0.12205196535642904,2.0
"['non', 'linear']",0.42771485676215854,0.12205196535642904,2.0
"['non', 'research']",0.3930712858094604,0.12205196535642904,2.0
"['non', 'weight']",0.40639573617588276,0.12205196535642904,2.0
"['non', 'error']",0.4037308461025983,0.12205196535642904,2.0
"['non', 'approach']",0.43037974683544306,0.12205196535642904,2.0
"['non', 'space']",0.4183877415056629,0.12205196535642904,2.0
"['non', 'similar']",0.4157228514323784,0.12205196535642904,2.0
"['non', 'term']",0.4283810792804797,0.12205196535642904,2.0
"['non', 'simple']",0.4223850766155896,0.12205196535642904,2.0
"['non', 'mean']",0.4323784143904064,0.12205196535642904,2.0
"['non', 'university']",0.435709526982012,0.12205196535642904,2.0
"['non', 'single']",0.42638241172551633,0.12205196535642904,2.0
"['non', 'method']",0.44903397734843437,0.12205196535642904,2.0
"['non', 'small']",0.4417055296469021,0.12205196535642904,2.0
"['non', 'values']",0.44437041972018654,0.12205196535642904,2.0
"['non', 'output']",0.4337108594270486,0.12205196535642904,2.0
"['non', 'form']",0.4503664223850766,0.12205196535642904,2.0
"['non', 'parameter']",0.4576948700866089,0.12205196535642904,2.0
"['non', 'processing']",0.4503664223850766,0.12205196535642904,2.0
"['non', 'point']",0.45436375749500335,0.12205196535642904,2.0
"['non', 'algorithm']",0.4576948700866089,0.12205196535642904,2.0
"['non', 'large']",0.45836109260493,0.12205196535642904,2.0
"['non', 'order']",0.46902065289806794,0.12205196535642904,2.0
"['non', 'paper']",0.47301798800799466,0.12205196535642904,2.0
"['non', 'case']",0.47834776815456365,0.12205196535642904,2.0
"['non', 'data']",0.47968021319120585,0.12205196535642904,2.0
"['non', 'learning']",0.4843437708194537,0.12205196535642904,2.0
"['non', 'information']",0.4876748834110593,0.12205196535642904,2.0
"['non', 'problem']",0.5103264490339774,0.12205196535642904,2.0
"['non', 'input']",0.49233844103930713,0.12205196535642904,2.0
"['non', 'model']",0.5243171219187208,0.12205196535642904,2.0
"['non', 'number']",0.5369753497668222,0.12205196535642904,2.0
"['non', 'introduction']",0.5356429047301798,0.12205196535642904,2.0
"['non', 'network']",0.5289806795469687,0.12205196535642904,2.0
"['non', 'set']",0.5536309127248501,0.12205196535642904,2.0
"['non', 'system']",0.5502998001332445,0.12205196535642904,2.0
"['non', 'neural']",0.5529646902065289,0.12205196535642904,2.0
"['non', 'function']",0.570286475682878,0.12205196535642904,2.0
"['non', 'result']",0.5842771485676216,0.12205196535642904,2.0
"['non', 'references']",0.586275816122585,0.12205196535642904,2.0
"['non', 'abstract']",0.6029313790806129,0.12205196535642904,2.0
"['training', 'computation']",0.38241172551632246,0.1239173884077282,2.0
"['training', 'tion']",0.38840772818121255,0.1239173884077282,2.0
"['training', 'general']",0.40306462358427714,0.1239173884077282,2.0
"['training', 'performance']",0.4576948700866089,0.1239173884077282,2.0
"['training', 'linear']",0.4183877415056629,0.1239173884077282,2.0
"['training', 'research']",0.4103930712858095,0.1239173884077282,2.0
"['training', 'weight']",0.4743504330446369,0.1239173884077282,2.0
"['training', 'error']",0.5003331112591606,0.1239173884077282,2.0
"['training', 'approach']",0.4570286475682878,0.1239173884077282,2.0
"['training', 'space']",0.44103930712858097,0.1239173884077282,2.0
"['training', 'similar']",0.42105263157894735,0.1239173884077282,2.0
"['training', 'term']",0.42504996668887407,0.1239173884077282,2.0
"['training', 'simple']",0.42371752165223187,0.1239173884077282,2.0
"['training', 'mean']",0.44103930712858097,0.1239173884077282,2.0
"['training', 'university']",0.4463690872751499,0.1239173884077282,2.0
"['training', 'single']",0.43704197201865425,0.1239173884077282,2.0
"['training', 'method']",0.47301798800799466,0.1239173884077282,2.0
"['training', 'small']",0.4536975349766822,0.1239173884077282,2.0
"['training', 'values']",0.4596935376415723,0.1239173884077282,2.0
"['training', 'output']",0.4983344437041972,0.1239173884077282,2.0
"['training', 'form']",0.45236508994004,0.1239173884077282,2.0
"['training', 'parameter']",0.4670219853431046,0.1239173884077282,2.0
"['training', 'processing']",0.46169220519653564,0.1239173884077282,2.0
"['training', 'point']",0.4670219853431046,0.1239173884077282,2.0
"['training', 'algorithm']",0.5169886742171885,0.1239173884077282,2.0
"['training', 'large']",0.46568954030646237,0.1239173884077282,2.0
"['training', 'order']",0.4630246502331779,0.1239173884077282,2.0
"['training', 'paper']",0.4836775483011326,0.1239173884077282,2.0
"['training', 'case']",0.4836775483011326,0.1239173884077282,2.0
"['training', 'data']",0.5263157894736842,0.1239173884077282,2.0
"['training', 'learning']",0.5649566955363091,0.1239173884077282,2.0
"['training', 'information']",0.5209860093271153,0.1239173884077282,2.0
"['training', 'problem']",0.5556295802798135,0.1239173884077282,2.0
"['training', 'input']",0.5436375749500333,0.1239173884077282,2.0
"['training', 'model']",0.5243171219187208,0.1239173884077282,2.0
"['training', 'number']",0.5636242504996669,0.1239173884077282,2.0
"['training', 'introduction']",0.5449700199866756,0.1239173884077282,2.0
"['training', 'network']",0.5716189207195204,0.1239173884077282,2.0
"['training', 'set']",0.5916055962691539,0.1239173884077282,2.0
"['training', 'system']",0.5669553630912725,0.1239173884077282,2.0
"['training', 'neural']",0.5816122584943371,0.1239173884077282,2.0
"['training', 'function']",0.5762824783477681,0.1239173884077282,2.0
"['training', 'result']",0.5949367088607594,0.1239173884077282,2.0
"['training', 'references']",0.597601598934044,0.1239173884077282,2.0
"['training', 'abstract']",0.6069287141905396,0.1239173884077282,2.0
"['computation', 'tion']",0.4057295136575616,0.1239173884077282,2.0
"['computation', 'general']",0.3977348434377082,0.1239173884077282,2.0
"['computation', 'performance']",0.3990672884743504,0.1239173884077282,2.0
"['computation', 'linear']",0.4123917388407728,0.1239173884077282,2.0
"['computation', 'research']",0.3844103930712858,0.1239173884077282,2.0
"['computation', 'weight']",0.4043970686209194,0.1239173884077282,2.0
"['computation', 'error']",0.4117255163224517,0.1239173884077282,2.0
"['computation', 'approach']",0.42704863424383743,0.1239173884077282,2.0
"['computation', 'space']",0.4223850766155896,0.1239173884077282,2.0
"['computation', 'similar']",0.42571618920719523,0.1239173884077282,2.0
"['computation', 'term']",0.4290473017988008,0.1239173884077282,2.0
"['computation', 'simple']",0.43837441705529645,0.1239173884077282,2.0
"['computation', 'mean']",0.4397068620919387,0.1239173884077282,2.0
"['computation', 'university']",0.42504996668887407,0.1239173884077282,2.0
"['computation', 'single']",0.44770153231179216,0.1239173884077282,2.0
"['computation', 'method']",0.44437041972018654,0.1239173884077282,2.0
"['computation', 'small']",0.4390406395736176,0.1239173884077282,2.0
"['computation', 'values']",0.44770153231179216,0.1239173884077282,2.0
"['computation', 'output']",0.447035309793471,0.1239173884077282,2.0
"['computation', 'form']",0.4497001998667555,0.1239173884077282,2.0
"['computation', 'parameter']",0.4570286475682878,0.1239173884077282,2.0
"['computation', 'processing']",0.47301798800799466,0.1239173884077282,2.0
"['computation', 'point']",0.45169886742171883,0.1239173884077282,2.0
"['computation', 'algorithm']",0.4743504330446369,0.1239173884077282,2.0
"['computation', 'large']",0.4630246502331779,0.1239173884077282,2.0
"['computation', 'order']",0.46502331778814127,0.1239173884077282,2.0
"['computation', 'paper']",0.46635576282478347,0.1239173884077282,2.0
"['computation', 'case']",0.4836775483011326,0.1239173884077282,2.0
"['computation', 'data']",0.4870086608927382,0.1239173884077282,2.0
"['computation', 'learning']",0.4776815456362425,0.1239173884077282,2.0
"['computation', 'information']",0.519653564290473,0.1239173884077282,2.0
"['computation', 'problem']",0.5129913391072618,0.1239173884077282,2.0
"['computation', 'input']",0.508327781479014,0.1239173884077282,2.0
"['computation', 'model']",0.5349766822118588,0.1239173884077282,2.0
"['computation', 'number']",0.54763491005996,0.1239173884077282,2.0
"['computation', 'introduction']",0.5456362425049966,0.1239173884077282,2.0
"['computation', 'network']",0.5536309127248501,0.1239173884077282,2.0
"['computation', 'set']",0.569620253164557,0.1239173884077282,2.0
"['computation', 'system']",0.5662891405729513,0.1239173884077282,2.0
"['computation', 'neural']",0.5909393737508328,0.1239173884077282,2.0
"['computation', 'function']",0.5842771485676216,0.1239173884077282,2.0
"['computation', 'result']",0.5869420386409061,0.1239173884077282,2.0
"['computation', 'references']",0.5989340439706862,0.1239173884077282,2.0
"['computation', 'abstract']",0.6122584943371085,0.1239173884077282,2.0
"['tion', 'general']",0.4090606262491672,0.1240506329113924,2.0
"['tion', 'performance']",0.39640239840106595,0.1240506329113924,2.0
"['tion', 'linear']",0.3924050632911392,0.1240506329113924,2.0
"['tion', 'research']",0.40639573617588276,0.1240506329113924,2.0
"['tion', 'weight']",0.4037308461025983,0.1240506329113924,2.0
"['tion', 'error']",0.42038640906062624,0.1240506329113924,2.0
"['tion', 'approach']",0.42371752165223187,0.1240506329113924,2.0
"['tion', 'space']",0.4183877415056629,0.1240506329113924,2.0
"['tion', 'similar']",0.4150566289140573,0.1240506329113924,2.0
"['tion', 'term']",0.42638241172551633,0.1240506329113924,2.0
"['tion', 'simple']",0.42771485676215854,0.1240506329113924,2.0
"['tion', 'mean']",0.4297135243171219,0.1240506329113924,2.0
"['tion', 'university']",0.44503664223850764,0.1240506329113924,2.0
"['tion', 'single']",0.4350433044636909,0.1240506329113924,2.0
"['tion', 'method']",0.43770819453697535,0.1240506329113924,2.0
"['tion', 'small']",0.4390406395736176,0.1240506329113924,2.0
"['tion', 'values']",0.45236508994004,0.1240506329113924,2.0
"['tion', 'output']",0.4503664223850766,0.1240506329113924,2.0
"['tion', 'form']",0.463690872751499,0.1240506329113924,2.0
"['tion', 'parameter']",0.46235842771485675,0.1240506329113924,2.0
"['tion', 'processing']",0.45436375749500335,0.1240506329113924,2.0
"['tion', 'point']",0.46235842771485675,0.1240506329113924,2.0
"['tion', 'algorithm']",0.4570286475682878,0.1240506329113924,2.0
"['tion', 'large']",0.4596935376415723,0.1240506329113924,2.0
"['tion', 'order']",0.4603597601598934,0.1240506329113924,2.0
"['tion', 'paper']",0.4670219853431046,0.1240506329113924,2.0
"['tion', 'case']",0.4870086608927382,0.1240506329113924,2.0
"['tion', 'data']",0.47901399067288475,0.1240506329113924,2.0
"['tion', 'learning']",0.4816788807461692,0.1240506329113924,2.0
"['tion', 'information']",0.5069953364423717,0.1240506329113924,2.0
"['tion', 'problem']",0.5056628914057295,0.1240506329113924,2.0
"['tion', 'input']",0.5129913391072618,0.1240506329113924,2.0
"['tion', 'model']",0.5343104596935376,0.1240506329113924,2.0
"['tion', 'number']",0.5376415722851432,0.1240506329113924,2.0
"['tion', 'introduction']",0.5429713524317122,0.1240506329113924,2.0
"['tion', 'network']",0.5562958027981346,0.1240506329113924,2.0
"['tion', 'set']",0.5616255829447035,0.1240506329113924,2.0
"['tion', 'system']",0.5682878081279147,0.1240506329113924,2.0
"['tion', 'neural']",0.5756162558294471,0.1240506329113924,2.0
"['tion', 'function']",0.5849433710859427,0.1240506329113924,2.0
"['tion', 'result']",0.592271818787475,0.1240506329113924,2.0
"['tion', 'references']",0.5996002664890073,0.1240506329113924,2.0
"['tion', 'abstract']",0.6149233844103931,0.1240506329113924,2.0
"['general', 'performance']",0.3984010659560293,0.1240506329113924,2.0
"['general', 'linear']",0.4170552964690207,0.1240506329113924,2.0
"['general', 'research']",0.3977348434377082,0.1240506329113924,2.0
"['general', 'weight']",0.41439040639573615,0.1240506329113924,2.0
"['general', 'error']",0.42571618920719523,0.1240506329113924,2.0
"['general', 'approach']",0.4350433044636909,0.1240506329113924,2.0
"['general', 'space']",0.447035309793471,0.1240506329113924,2.0
"['general', 'similar']",0.4157228514323784,0.1240506329113924,2.0
"['general', 'term']",0.44103930712858097,0.1240506329113924,2.0
"['general', 'simple']",0.4423717521652232,0.1240506329113924,2.0
"['general', 'mean']",0.43837441705529645,0.1240506329113924,2.0
"['general', 'university']",0.4350433044636909,0.1240506329113924,2.0
"['general', 'single']",0.4283810792804797,0.1240506329113924,2.0
"['general', 'method']",0.4570286475682878,0.1240506329113924,2.0
"['general', 'small']",0.447035309793471,0.1240506329113924,2.0
"['general', 'values']",0.4590273151232512,0.1240506329113924,2.0
"['general', 'output']",0.4390406395736176,0.1240506329113924,2.0
"['general', 'form']",0.4763491005996003,0.1240506329113924,2.0
"['general', 'parameter']",0.4710193204530313,0.1240506329113924,2.0
"['general', 'processing']",0.4343770819453698,0.1240506329113924,2.0
"['general', 'point']",0.46568954030646237,0.1240506329113924,2.0
"['general', 'algorithm']",0.4810126582278481,0.1240506329113924,2.0
"['general', 'large']",0.46768820786142573,0.1240506329113924,2.0
"['general', 'order']",0.46768820786142573,0.1240506329113924,2.0
"['general', 'paper']",0.4770153231179214,0.1240506329113924,2.0
"['general', 'case']",0.5063291139240507,0.1240506329113924,2.0
"['general', 'data']",0.47834776815456365,0.1240506329113924,2.0
"['general', 'learning']",0.5063291139240507,0.1240506329113924,2.0
"['general', 'information']",0.49766822118587606,0.1240506329113924,2.0
"['general', 'problem']",0.5243171219187208,0.1240506329113924,2.0
"['general', 'input']",0.5016655562958028,0.1240506329113924,2.0
"['general', 'model']",0.5323117921385743,0.1240506329113924,2.0
"['general', 'number']",0.5516322451698867,0.1240506329113924,2.0
"['general', 'introduction']",0.5416389073950699,0.1240506329113924,2.0
"['general', 'network']",0.5522984676882079,0.1240506329113924,2.0
"['general', 'set']",0.5689540306462358,0.1240506329113924,2.0
"['general', 'system']",0.5602931379080613,0.1240506329113924,2.0
"['general', 'neural']",0.5722851432378414,0.1240506329113924,2.0
"['general', 'function']",0.5869420386409061,0.1240506329113924,2.0
"['general', 'result']",0.5942704863424384,0.1240506329113924,2.0
"['general', 'references']",0.5989340439706862,0.1240506329113924,2.0
"['general', 'abstract']",0.6129247168554297,0.1240506329113924,2.0
"['performance', 'linear']",0.4003997335109927,0.1245836109260493,2.0
"['performance', 'research']",0.4110592938041306,0.1245836109260493,2.0
"['performance', 'weight']",0.4230512991339107,0.1245836109260493,2.0
"['performance', 'error']",0.4770153231179214,0.1245836109260493,2.0
"['performance', 'approach']",0.4530313124583611,0.1245836109260493,2.0
"['performance', 'space']",0.4343770819453698,0.1245836109260493,2.0
"['performance', 'similar']",0.4223850766155896,0.1245836109260493,2.0
"['performance', 'term']",0.4223850766155896,0.1245836109260493,2.0
"['performance', 'simple']",0.43104596935376416,0.1245836109260493,2.0
"['performance', 'mean']",0.4463690872751499,0.1245836109260493,2.0
"['performance', 'university']",0.4390406395736176,0.1245836109260493,2.0
"['performance', 'single']",0.4397068620919387,0.1245836109260493,2.0
"['performance', 'method']",0.463690872751499,0.1245836109260493,2.0
"['performance', 'small']",0.45836109260493,0.1245836109260493,2.0
"['performance', 'values']",0.4590273151232512,0.1245836109260493,2.0
"['performance', 'output']",0.4696868754163891,0.1245836109260493,2.0
"['performance', 'form']",0.4343770819453698,0.1245836109260493,2.0
"['performance', 'parameter']",0.46169220519653564,0.1245836109260493,2.0
"['performance', 'processing']",0.46502331778814127,0.1245836109260493,2.0
"['performance', 'point']",0.46502331778814127,0.1245836109260493,2.0
"['performance', 'algorithm']",0.5036642238507661,0.1245836109260493,2.0
"['performance', 'large']",0.4776815456362425,0.1245836109260493,2.0
"['performance', 'order']",0.47235176548967356,0.1245836109260493,2.0
"['performance', 'paper']",0.4816788807461692,0.1245836109260493,2.0
"['performance', 'case']",0.47901399067288475,0.1245836109260493,2.0
"['performance', 'data']",0.5176548967355097,0.1245836109260493,2.0
"['performance', 'learning']",0.5203197868087941,0.1245836109260493,2.0
"['performance', 'information']",0.5189873417721519,0.1245836109260493,2.0
"['performance', 'problem']",0.5343104596935376,0.1245836109260493,2.0
"['performance', 'input']",0.5236508994003998,0.1245836109260493,2.0
"['performance', 'model']",0.5223184543637575,0.1245836109260493,2.0
"['performance', 'number']",0.5629580279813458,0.1245836109260493,2.0
"['performance', 'introduction']",0.5509660226515656,0.1245836109260493,2.0
"['performance', 'network']",0.5529646902065289,0.1245836109260493,2.0
"['performance', 'set']",0.5836109260493004,0.1245836109260493,2.0
"['performance', 'system']",0.5769487008660893,0.1245836109260493,2.0
"['performance', 'neural']",0.5789473684210527,0.1245836109260493,2.0
"['performance', 'function']",0.5722851432378414,0.1245836109260493,2.0
"['performance', 'result']",0.5929380413057961,0.1245836109260493,2.0
"['performance', 'references']",0.6022651565622918,0.1245836109260493,2.0
"['performance', 'abstract']",0.6129247168554297,0.1245836109260493,2.0
"['linear', 'research']",0.39706862091938705,0.12511658894070618,2.0
"['linear', 'weight']",0.42371752165223187,0.12511658894070618,2.0
"['linear', 'error']",0.4283810792804797,0.12511658894070618,2.0
"['linear', 'approach']",0.4323784143904064,0.12511658894070618,2.0
"['linear', 'space']",0.44770153231179216,0.12511658894070618,2.0
"['linear', 'similar']",0.42638241172551633,0.12511658894070618,2.0
"['linear', 'term']",0.43704197201865425,0.12511658894070618,2.0
"['linear', 'simple']",0.44503664223850764,0.12511658894070618,2.0
"['linear', 'mean']",0.4430379746835443,0.12511658894070618,2.0
"['linear', 'university']",0.4297135243171219,0.12511658894070618,2.0
"['linear', 'single']",0.4397068620919387,0.12511658894070618,2.0
"['linear', 'method']",0.4596935376415723,0.12511658894070618,2.0
"['linear', 'small']",0.4497001998667555,0.12511658894070618,2.0
"['linear', 'values']",0.4596935376415723,0.12511658894070618,2.0
"['linear', 'output']",0.4603597601598934,0.12511658894070618,2.0
"['linear', 'form']",0.46502331778814127,0.12511658894070618,2.0
"['linear', 'parameter']",0.47368421052631576,0.12511658894070618,2.0
"['linear', 'processing']",0.4576948700866089,0.12511658894070618,2.0
"['linear', 'point']",0.47368421052631576,0.12511658894070618,2.0
"['linear', 'algorithm']",0.46835443037974683,0.12511658894070618,2.0
"['linear', 'large']",0.4630246502331779,0.12511658894070618,2.0
"['linear', 'order']",0.47901399067288475,0.12511658894070618,2.0
"['linear', 'paper']",0.4836775483011326,0.12511658894070618,2.0
"['linear', 'case']",0.4950033311125916,0.12511658894070618,2.0
"['linear', 'data']",0.4996668887408394,0.12511658894070618,2.0
"['linear', 'learning']",0.5009993337774816,0.12511658894070618,2.0
"['linear', 'information']",0.5009993337774816,0.12511658894070618,2.0
"['linear', 'problem']",0.5243171219187208,0.12511658894070618,2.0
"['linear', 'input']",0.5163224516988674,0.12511658894070618,2.0
"['linear', 'model']",0.5456362425049966,0.12511658894070618,2.0
"['linear', 'number']",0.5536309127248501,0.12511658894070618,2.0
"['linear', 'introduction']",0.5522984676882079,0.12511658894070618,2.0
"['linear', 'network']",0.5562958027981346,0.12511658894070618,2.0
"['linear', 'set']",0.5742838107928048,0.12511658894070618,2.0
"['linear', 'system']",0.5616255829447035,0.12511658894070618,2.0
"['linear', 'neural']",0.5816122584943371,0.12511658894070618,2.0
"['linear', 'function']",0.5929380413057961,0.12511658894070618,2.0
"['linear', 'result']",0.5956029313790806,0.12511658894070618,2.0
"['linear', 'references']",0.603597601598934,0.12511658894070618,2.0
"['linear', 'abstract']",0.6149233844103931,0.12511658894070618,2.0
"['research', 'weight']",0.40306462358427714,0.12618254497002,2.0
"['research', 'error']",0.41905396402398404,0.12618254497002,2.0
"['research', 'approach']",0.4363757495003331,0.12618254497002,2.0
"['research', 'space']",0.4283810792804797,0.12618254497002,2.0
"['research', 'similar']",0.43171219187208526,0.12618254497002,2.0
"['research', 'term']",0.4177215189873418,0.12618254497002,2.0
"['research', 'simple']",0.4350433044636909,0.12618254497002,2.0
"['research', 'mean']",0.4350433044636909,0.12618254497002,2.0
"['research', 'university']",0.45103264490339773,0.12618254497002,2.0
"['research', 'single']",0.44836775483011326,0.12618254497002,2.0
"['research', 'method']",0.4457028647568288,0.12618254497002,2.0
"['research', 'small']",0.45103264490339773,0.12618254497002,2.0
"['research', 'values']",0.44903397734843437,0.12618254497002,2.0
"['research', 'output']",0.4603597601598934,0.12618254497002,2.0
"['research', 'form']",0.4590273151232512,0.12618254497002,2.0
"['research', 'parameter']",0.4536975349766822,0.12618254497002,2.0
"['research', 'processing']",0.46768820786142573,0.12618254497002,2.0
"['research', 'point']",0.46169220519653564,0.12618254497002,2.0
"['research', 'algorithm']",0.4710193204530313,0.12618254497002,2.0
"['research', 'large']",0.46635576282478347,0.12618254497002,2.0
"['research', 'order']",0.4670219853431046,0.12618254497002,2.0
"['research', 'paper']",0.475016655562958,0.12618254497002,2.0
"['research', 'case']",0.46635576282478347,0.12618254497002,2.0
"['research', 'data']",0.49766822118587606,0.12618254497002,2.0
"['research', 'learning']",0.48967355096602266,0.12618254497002,2.0
"['research', 'information']",0.513657561625583,0.12618254497002,2.0
"['research', 'problem']",0.5063291139240507,0.12618254497002,2.0
"['research', 'input']",0.5223184543637575,0.12618254497002,2.0
"['research', 'model']",0.5389740173217855,0.12618254497002,2.0
"['research', 'number']",0.5556295802798135,0.12618254497002,2.0
"['research', 'introduction']",0.5616255829447035,0.12618254497002,2.0
"['research', 'network']",0.5569620253164557,0.12618254497002,2.0
"['research', 'set']",0.5729513657561626,0.12618254497002,2.0
"['research', 'system']",0.5836109260493004,0.12618254497002,2.0
"['research', 'neural']",0.5816122584943371,0.12618254497002,2.0
"['research', 'function']",0.5789473684210527,0.12618254497002,2.0
"['research', 'result']",0.5989340439706862,0.12618254497002,2.0
"['research', 'references']",0.608927381745503,0.12618254497002,2.0
"['research', 'abstract']",0.6215856095936043,0.12618254497002,2.0
"['weight', 'error']",0.4670219853431046,0.12751499000666222,2.0
"['weight', 'approach']",0.4290473017988008,0.12751499000666222,2.0
"['weight', 'space']",0.4423717521652232,0.12751499000666222,2.0
"['weight', 'similar']",0.4323784143904064,0.12751499000666222,2.0
"['weight', 'term']",0.44770153231179216,0.12751499000666222,2.0
"['weight', 'simple']",0.45436375749500335,0.12751499000666222,2.0
"['weight', 'mean']",0.45502998001332445,0.12751499000666222,2.0
"['weight', 'university']",0.4630246502331779,0.12751499000666222,2.0
"['weight', 'single']",0.4590273151232512,0.12751499000666222,2.0
"['weight', 'method']",0.4570286475682878,0.12751499000666222,2.0
"['weight', 'small']",0.4630246502331779,0.12751499000666222,2.0
"['weight', 'values']",0.4743504330446369,0.12751499000666222,2.0
"['weight', 'output']",0.5149900066622252,0.12751499000666222,2.0
"['weight', 'form']",0.47168554297135246,0.12751499000666222,2.0
"['weight', 'parameter']",0.47235176548967356,0.12751499000666222,2.0
"['weight', 'processing']",0.47168554297135246,0.12751499000666222,2.0
"['weight', 'point']",0.4710193204530313,0.12751499000666222,2.0
"['weight', 'algorithm']",0.4996668887408394,0.12751499000666222,2.0
"['weight', 'large']",0.4770153231179214,0.12751499000666222,2.0
"['weight', 'order']",0.4776815456362425,0.12751499000666222,2.0
"['weight', 'paper']",0.49233844103930713,0.12751499000666222,2.0
"['weight', 'case']",0.5016655562958028,0.12751499000666222,2.0
"['weight', 'data']",0.49566955363091275,0.12751499000666222,2.0
"['weight', 'learning']",0.5509660226515656,0.12751499000666222,2.0
"['weight', 'information']",0.5203197868087941,0.12751499000666222,2.0
"['weight', 'problem']",0.5489673550966022,0.12751499000666222,2.0
"['weight', 'input']",0.5682878081279147,0.12751499000666222,2.0
"['weight', 'model']",0.5416389073950699,0.12751499000666222,2.0
"['weight', 'number']",0.5649566955363091,0.12751499000666222,2.0
"['weight', 'introduction']",0.5576282478347768,0.12751499000666222,2.0
"['weight', 'network']",0.6049300466355763,0.12751499000666222,2.0
"['weight', 'set']",0.5949367088607594,0.12751499000666222,2.0
"['weight', 'system']",0.5842771485676216,0.12751499000666222,2.0
"['weight', 'neural']",0.6075949367088608,0.12751499000666222,2.0
"['weight', 'function']",0.5989340439706862,0.12751499000666222,2.0
"['weight', 'result']",0.6102598267821452,0.12751499000666222,2.0
"['weight', 'references']",0.6135909393737509,0.12751499000666222,2.0
"['weight', 'abstract']",0.6269153897401732,0.12751499000666222,2.0
"['error', 'approach']",0.4590273151232512,0.13044636908727517,2.0
"['error', 'space']",0.4590273151232512,0.13044636908727517,2.0
"['error', 'similar']",0.43837441705529645,0.13044636908727517,2.0
"['error', 'term']",0.4596935376415723,0.13044636908727517,2.0
"['error', 'simple']",0.44370419720186544,0.13044636908727517,2.0
"['error', 'mean']",0.4703530979347102,0.13044636908727517,2.0
"['error', 'university']",0.4576948700866089,0.13044636908727517,2.0
"['error', 'single']",0.45436375749500335,0.13044636908727517,2.0
"['error', 'method']",0.5036642238507661,0.13044636908727517,2.0
"['error', 'small']",0.4703530979347102,0.13044636908727517,2.0
"['error', 'values']",0.4836775483011326,0.13044636908727517,2.0
"['error', 'output']",0.49766822118587606,0.13044636908727517,2.0
"['error', 'form']",0.46835443037974683,0.13044636908727517,2.0
"['error', 'parameter']",0.49566955363091275,0.13044636908727517,2.0
"['error', 'processing']",0.4830113257828115,0.13044636908727517,2.0
"['error', 'point']",0.49300466355762823,0.13044636908727517,2.0
"['error', 'algorithm']",0.5303131245836109,0.13044636908727517,2.0
"['error', 'large']",0.49566955363091275,0.13044636908727517,2.0
"['error', 'order']",0.4950033311125916,0.13044636908727517,2.0
"['error', 'paper']",0.4990006662225183,0.13044636908727517,2.0
"['error', 'case']",0.5176548967355097,0.13044636908727517,2.0
"['error', 'data']",0.5416389073950699,0.13044636908727517,2.0
"['error', 'learning']",0.558960692871419,0.13044636908727517,2.0
"['error', 'information']",0.5443037974683544,0.13044636908727517,2.0
"['error', 'problem']",0.570286475682878,0.13044636908727517,2.0
"['error', 'input']",0.5496335776149234,0.13044636908727517,2.0
"['error', 'model']",0.5483011325782812,0.13044636908727517,2.0
"['error', 'number']",0.5909393737508328,0.13044636908727517,2.0
"['error', 'introduction']",0.5749500333111259,0.13044636908727517,2.0
"['error', 'network']",0.5869420386409061,0.13044636908727517,2.0
"['error', 'set']",0.6142571618920719,0.13044636908727517,2.0
"['error', 'system']",0.6015989340439707,0.13044636908727517,2.0
"['error', 'neural']",0.6082611592271818,0.13044636908727517,2.0
"['error', 'function']",0.6122584943371085,0.13044636908727517,2.0
"['error', 'result']",0.6255829447035309,0.13044636908727517,2.0
"['error', 'references']",0.6302465023317788,0.13044636908727517,2.0
"['error', 'abstract']",0.6442371752165224,0.13044636908727517,2.0
"['approach', 'space']",0.46568954030646237,0.13204530313124582,2.0
"['approach', 'similar']",0.44903397734843437,0.13204530313124582,2.0
"['approach', 'term']",0.45569620253164556,0.13204530313124582,2.0
"['approach', 'simple']",0.45569620253164556,0.13204530313124582,2.0
"['approach', 'mean']",0.47901399067288475,0.13204530313124582,2.0
"['approach', 'university']",0.4643570952698201,0.13204530313124582,2.0
"['approach', 'single']",0.4630246502331779,0.13204530313124582,2.0
"['approach', 'method']",0.5089940039973351,0.13204530313124582,2.0
"['approach', 'small']",0.4756828780812791,0.13204530313124582,2.0
"['approach', 'values']",0.4870086608927382,0.13204530313124582,2.0
"['approach', 'output']",0.4703530979347102,0.13204530313124582,2.0
"['approach', 'form']",0.4770153231179214,0.13204530313124582,2.0
"['approach', 'parameter']",0.49633577614923385,0.13204530313124582,2.0
"['approach', 'processing']",0.49033977348434377,0.13204530313124582,2.0
"['approach', 'point']",0.49766822118587606,0.13204530313124582,2.0
"['approach', 'algorithm']",0.5376415722851432,0.13204530313124582,2.0
"['approach', 'large']",0.49233844103930713,0.13204530313124582,2.0
"['approach', 'order']",0.5003331112591606,0.13204530313124582,2.0
"['approach', 'paper']",0.5069953364423717,0.13204530313124582,2.0
"['approach', 'case']",0.5296469020652899,0.13204530313124582,2.0
"['approach', 'data']",0.5376415722851432,0.13204530313124582,2.0
"['approach', 'learning']",0.5429713524317122,0.13204530313124582,2.0
"['approach', 'information']",0.5509660226515656,0.13204530313124582,2.0
"['approach', 'problem']",0.5789473684210527,0.13204530313124582,2.0
"['approach', 'input']",0.5323117921385743,0.13204530313124582,2.0
"['approach', 'model']",0.5682878081279147,0.13204530313124582,2.0
"['approach', 'number']",0.5889407061958695,0.13204530313124582,2.0
"['approach', 'introduction']",0.580946035976016,0.13204530313124582,2.0
"['approach', 'network']",0.5836109260493004,0.13204530313124582,2.0
"['approach', 'set']",0.6215856095936043,0.13204530313124582,2.0
"['approach', 'system']",0.6002664890073285,0.13204530313124582,2.0
"['approach', 'neural']",0.6122584943371085,0.13204530313124582,2.0
"['approach', 'function']",0.6155896069287142,0.13204530313124582,2.0
"['approach', 'result']",0.6302465023317788,0.13204530313124582,2.0
"['approach', 'references']",0.6355762824783477,0.13204530313124582,2.0
"['approach', 'abstract']",0.6502331778814124,0.13204530313124582,2.0
"['space', 'similar']",0.4463690872751499,0.13257828114590273,2.0
"['space', 'term']",0.4497001998667555,0.13257828114590273,2.0
"['space', 'simple']",0.46768820786142573,0.13257828114590273,2.0
"['space', 'mean']",0.4710193204530313,0.13257828114590273,2.0
"['space', 'university']",0.4643570952698201,0.13257828114590273,2.0
"['space', 'single']",0.463690872751499,0.13257828114590273,2.0
"['space', 'method']",0.4883411059293804,0.13257828114590273,2.0
"['space', 'small']",0.4770153231179214,0.13257828114590273,2.0
"['space', 'values']",0.4883411059293804,0.13257828114590273,2.0
"['space', 'output']",0.4596935376415723,0.13257828114590273,2.0
"['space', 'form']",0.4770153231179214,0.13257828114590273,2.0
"['space', 'parameter']",0.49233844103930713,0.13257828114590273,2.0
"['space', 'processing']",0.47368421052631576,0.13257828114590273,2.0
"['space', 'point']",0.5103264490339774,0.13257828114590273,2.0
"['space', 'algorithm']",0.5209860093271153,0.13257828114590273,2.0
"['space', 'large']",0.4983344437041972,0.13257828114590273,2.0
"['space', 'order']",0.508327781479014,0.13257828114590273,2.0
"['space', 'paper']",0.5116588940706196,0.13257828114590273,2.0
"['space', 'case']",0.5283144570286475,0.13257828114590273,2.0
"['space', 'data']",0.5236508994003998,0.13257828114590273,2.0
"['space', 'learning']",0.54763491005996,0.13257828114590273,2.0
"['space', 'information']",0.536309127248501,0.13257828114590273,2.0
"['space', 'problem']",0.5729513657561626,0.13257828114590273,2.0
"['space', 'input']",0.5316455696202531,0.13257828114590273,2.0
"['space', 'model']",0.5649566955363091,0.13257828114590273,2.0
"['space', 'number']",0.5856095936042638,0.13257828114590273,2.0
"['space', 'introduction']",0.5802798134576949,0.13257828114590273,2.0
"['space', 'network']",0.5729513657561626,0.13257828114590273,2.0
"['space', 'set']",0.6062624916722186,0.13257828114590273,2.0
"['space', 'system']",0.5982678214523651,0.13257828114590273,2.0
"['space', 'neural']",0.6062624916722186,0.13257828114590273,2.0
"['space', 'function']",0.6229180546302465,0.13257828114590273,2.0
"['space', 'result']",0.6342438374417055,0.13257828114590273,2.0
"['space', 'references']",0.6409060626249167,0.13257828114590273,2.0
"['space', 'abstract']",0.654230512991339,0.13257828114590273,2.0
"['similar', 'term']",0.44503664223850764,0.1329780146568954,2.0
"['similar', 'simple']",0.47168554297135246,0.1329780146568954,2.0
"['similar', 'mean']",0.4630246502331779,0.1329780146568954,2.0
"['similar', 'university']",0.46635576282478347,0.1329780146568954,2.0
"['similar', 'single']",0.4696868754163891,0.1329780146568954,2.0
"['similar', 'method']",0.46568954030646237,0.1329780146568954,2.0
"['similar', 'small']",0.480346435709527,0.1329780146568954,2.0
"['similar', 'values']",0.4823451032644903,0.1329780146568954,2.0
"['similar', 'output']",0.4816788807461692,0.1329780146568954,2.0
"['similar', 'form']",0.4830113257828115,0.1329780146568954,2.0
"['similar', 'parameter']",0.47834776815456365,0.1329780146568954,2.0
"['similar', 'processing']",0.48634243837441704,0.1329780146568954,2.0
"['similar', 'point']",0.49300466355762823,0.1329780146568954,2.0
"['similar', 'algorithm']",0.47901399067288475,0.1329780146568954,2.0
"['similar', 'large']",0.49033977348434377,0.1329780146568954,2.0
"['similar', 'order']",0.4883411059293804,0.1329780146568954,2.0
"['similar', 'paper']",0.4990006662225183,0.1329780146568954,2.0
"['similar', 'case']",0.5149900066622252,0.1329780146568954,2.0
"['similar', 'data']",0.5269820119920053,0.1329780146568954,2.0
"['similar', 'learning']",0.519653564290473,0.1329780146568954,2.0
"['similar', 'information']",0.5443037974683544,0.1329780146568954,2.0
"['similar', 'problem']",0.5409726848767489,0.1329780146568954,2.0
"['similar', 'input']",0.5449700199866756,0.1329780146568954,2.0
"['similar', 'model']",0.5749500333111259,0.1329780146568954,2.0
"['similar', 'number']",0.5829447035309794,0.1329780146568954,2.0
"['similar', 'introduction']",0.5889407061958695,0.1329780146568954,2.0
"['similar', 'network']",0.5822784810126582,0.1329780146568954,2.0
"['similar', 'set']",0.608927381745503,0.1329780146568954,2.0
"['similar', 'system']",0.6082611592271818,0.1329780146568954,2.0
"['similar', 'neural']",0.608927381745503,0.1329780146568954,2.0
"['similar', 'function']",0.6209193870752832,0.1329780146568954,2.0
"['similar', 'result']",0.6375749500333111,0.1329780146568954,2.0
"['similar', 'references']",0.64290473017988,0.1329780146568954,2.0
"['similar', 'abstract']",0.6575616255829447,0.1329780146568954,2.0
"['term', 'simple']",0.4710193204530313,0.13324450366422386,2.0
"['term', 'mean']",0.4810126582278481,0.13324450366422386,2.0
"['term', 'university']",0.4770153231179214,0.13324450366422386,2.0
"['term', 'single']",0.4643570952698201,0.13324450366422386,2.0
"['term', 'method']",0.480346435709527,0.13324450366422386,2.0
"['term', 'small']",0.47901399067288475,0.13324450366422386,2.0
"['term', 'values']",0.49100599600266487,0.13324450366422386,2.0
"['term', 'output']",0.4710193204530313,0.13324450366422386,2.0
"['term', 'form']",0.4983344437041972,0.13324450366422386,2.0
"['term', 'parameter']",0.5096602265156562,0.13324450366422386,2.0
"['term', 'processing']",0.47901399067288475,0.13324450366422386,2.0
"['term', 'point']",0.5016655562958028,0.13324450366422386,2.0
"['term', 'algorithm']",0.4996668887408394,0.13324450366422386,2.0
"['term', 'large']",0.48634243837441704,0.13324450366422386,2.0
"['term', 'order']",0.5103264490339774,0.13324450366422386,2.0
"['term', 'paper']",0.5216522318454364,0.13324450366422386,2.0
"['term', 'case']",0.5343104596935376,0.13324450366422386,2.0
"['term', 'data']",0.513657561625583,0.13324450366422386,2.0
"['term', 'learning']",0.5336442371752165,0.13324450366422386,2.0
"['term', 'information']",0.5416389073950699,0.13324450366422386,2.0
"['term', 'problem']",0.5529646902065289,0.13324450366422386,2.0
"['term', 'input']",0.5369753497668222,0.13324450366422386,2.0
"['term', 'model']",0.5769487008660893,0.13324450366422386,2.0
"['term', 'number']",0.5889407061958695,0.13324450366422386,2.0
"['term', 'introduction']",0.5829447035309794,0.13324450366422386,2.0
"['term', 'network']",0.5856095936042638,0.13324450366422386,2.0
"['term', 'set']",0.6095936042638241,0.13324450366422386,2.0
"['term', 'system']",0.6075949367088608,0.13324450366422386,2.0
"['term', 'neural']",0.6102598267821452,0.13324450366422386,2.0
"['term', 'function']",0.6369087275149901,0.13324450366422386,2.0
"['term', 'result']",0.6369087275149901,0.13324450366422386,2.0
"['term', 'references']",0.64290473017988,0.13324450366422386,2.0
"['term', 'abstract']",0.6548967355096602,0.13324450366422386,2.0
"['simple', 'mean']",0.47368421052631576,0.13550966022651564,2.0
"['simple', 'university']",0.463690872751499,0.13550966022651564,2.0
"['simple', 'single']",0.49233844103930713,0.13550966022651564,2.0
"['simple', 'method']",0.475016655562958,0.13550966022651564,2.0
"['simple', 'small']",0.49566955363091275,0.13550966022651564,2.0
"['simple', 'values']",0.48967355096602266,0.13550966022651564,2.0
"['simple', 'output']",0.4830113257828115,0.13550966022651564,2.0
"['simple', 'form']",0.502998001332445,0.13550966022651564,2.0
"['simple', 'parameter']",0.4876748834110593,0.13550966022651564,2.0
"['simple', 'processing']",0.508327781479014,0.13550966022651564,2.0
"['simple', 'point']",0.502998001332445,0.13550966022651564,2.0
"['simple', 'algorithm']",0.5076615589606929,0.13550966022651564,2.0
"['simple', 'large']",0.5016655562958028,0.13550966022651564,2.0
"['simple', 'order']",0.5023317788141239,0.13550966022651564,2.0
"['simple', 'paper']",0.5123251165889408,0.13550966022651564,2.0
"['simple', 'case']",0.5376415722851432,0.13550966022651564,2.0
"['simple', 'data']",0.524983344437042,0.13550966022651564,2.0
"['simple', 'learning']",0.5349766822118588,0.13550966022651564,2.0
"['simple', 'information']",0.5602931379080613,0.13550966022651564,2.0
"['simple', 'problem']",0.5676215856095936,0.13550966022651564,2.0
"['simple', 'input']",0.5443037974683544,0.13550966022651564,2.0
"['simple', 'model']",0.5816122584943371,0.13550966022651564,2.0
"['simple', 'number']",0.5982678214523651,0.13550966022651564,2.0
"['simple', 'introduction']",0.592271818787475,0.13550966022651564,2.0
"['simple', 'network']",0.5949367088607594,0.13550966022651564,2.0
"['simple', 'set']",0.6209193870752832,0.13550966022651564,2.0
"['simple', 'system']",0.6189207195203198,0.13550966022651564,2.0
"['simple', 'neural']",0.6275816122584943,0.13550966022651564,2.0
"['simple', 'function']",0.6375749500333111,0.13550966022651564,2.0
"['simple', 'result']",0.6409060626249167,0.13550966022651564,2.0
"['simple', 'references']",0.6548967355096602,0.13550966022651564,2.0
"['simple', 'abstract']",0.6668887408394404,0.13550966022651564,2.0
"['mean', 'university']",0.4816788807461692,0.13657561625582945,2.0
"['mean', 'single']",0.4743504330446369,0.13657561625582945,2.0
"['mean', 'method']",0.5056628914057295,0.13657561625582945,2.0
"['mean', 'small']",0.49033977348434377,0.13657561625582945,2.0
"['mean', 'values']",0.5003331112591606,0.13657561625582945,2.0
"['mean', 'output']",0.4830113257828115,0.13657561625582945,2.0
"['mean', 'form']",0.49566955363091275,0.13657561625582945,2.0
"['mean', 'parameter']",0.5256495669553631,0.13657561625582945,2.0
"['mean', 'processing']",0.4943371085942705,0.13657561625582945,2.0
"['mean', 'point']",0.5143237841439041,0.13657561625582945,2.0
"['mean', 'algorithm']",0.5169886742171885,0.13657561625582945,2.0
"['mean', 'large']",0.5156562291805463,0.13657561625582945,2.0
"['mean', 'order']",0.5176548967355097,0.13657561625582945,2.0
"['mean', 'paper']",0.5203197868087941,0.13657561625582945,2.0
"['mean', 'case']",0.5409726848767489,0.13657561625582945,2.0
"['mean', 'data']",0.5376415722851432,0.13657561625582945,2.0
"['mean', 'learning']",0.5343104596935376,0.13657561625582945,2.0
"['mean', 'information']",0.5516322451698867,0.13657561625582945,2.0
"['mean', 'problem']",0.5669553630912725,0.13657561625582945,2.0
"['mean', 'input']",0.5429713524317122,0.13657561625582945,2.0
"['mean', 'model']",0.5882744836775483,0.13657561625582945,2.0
"['mean', 'number']",0.6109260493004663,0.13657561625582945,2.0
"['mean', 'introduction']",0.6042638241172552,0.13657561625582945,2.0
"['mean', 'network']",0.5982678214523651,0.13657561625582945,2.0
"['mean', 'set']",0.6229180546302465,0.13657561625582945,2.0
"['mean', 'system']",0.6189207195203198,0.13657561625582945,2.0
"['mean', 'neural']",0.6302465023317788,0.13657561625582945,2.0
"['mean', 'function']",0.6395736175882745,0.13657561625582945,2.0
"['mean', 'result']",0.6562291805463024,0.13657561625582945,2.0
"['mean', 'references']",0.6555629580279814,0.13657561625582945,2.0
"['mean', 'abstract']",0.6722185209860093,0.13657561625582945,2.0
"['university', 'single']",0.48634243837441704,0.1369753497668221,2.0
"['university', 'method']",0.4936708860759494,0.1369753497668221,2.0
"['university', 'small']",0.4776815456362425,0.1369753497668221,2.0
"['university', 'values']",0.49766822118587606,0.1369753497668221,2.0
"['university', 'output']",0.48967355096602266,0.1369753497668221,2.0
"['university', 'form']",0.5003331112591606,0.1369753497668221,2.0
"['university', 'parameter']",0.49700199866755496,0.1369753497668221,2.0
"['university', 'processing']",0.4890073284477015,0.1369753497668221,2.0
"['university', 'point']",0.4983344437041972,0.1369753497668221,2.0
"['university', 'algorithm']",0.5063291139240507,0.1369753497668221,2.0
"['university', 'large']",0.4983344437041972,0.1369753497668221,2.0
"['university', 'order']",0.5123251165889408,0.1369753497668221,2.0
"['university', 'paper']",0.5289806795469687,0.1369753497668221,2.0
"['university', 'case']",0.5323117921385743,0.1369753497668221,2.0
"['university', 'data']",0.5176548967355097,0.1369753497668221,2.0
"['university', 'learning']",0.5443037974683544,0.1369753497668221,2.0
"['university', 'information']",0.5616255829447035,0.1369753497668221,2.0
"['university', 'problem']",0.5649566955363091,0.1369753497668221,2.0
"['university', 'input']",0.5576282478347768,0.1369753497668221,2.0
"['university', 'model']",0.5882744836775483,0.1369753497668221,2.0
"['university', 'number']",0.603597601598934,0.1369753497668221,2.0
"['university', 'introduction']",0.6022651565622918,0.1369753497668221,2.0
"['university', 'network']",0.6069287141905396,0.1369753497668221,2.0
"['university', 'set']",0.6222518321119254,0.1369753497668221,2.0
"['university', 'system']",0.6249167221852099,0.1369753497668221,2.0
"['university', 'neural']",0.6362425049966689,0.1369753497668221,2.0
"['university', 'function']",0.64290473017988,0.1369753497668221,2.0
"['university', 'result']",0.6502331778814124,0.1369753497668221,2.0
"['university', 'references']",0.6615589606928715,0.1369753497668221,2.0
"['university', 'abstract']",0.6755496335776149,0.1369753497668221,2.0
"['single', 'method']",0.4710193204530313,0.13830779480346436,2.0
"['single', 'small']",0.4990006662225183,0.13830779480346436,2.0
"['single', 'values']",0.502998001332445,0.13830779480346436,2.0
"['single', 'output']",0.513657561625583,0.13830779480346436,2.0
"['single', 'form']",0.5009993337774816,0.13830779480346436,2.0
"['single', 'parameter']",0.5003331112591606,0.13830779480346436,2.0
"['single', 'processing']",0.5256495669553631,0.13830779480346436,2.0
"['single', 'point']",0.5036642238507661,0.13830779480346436,2.0
"['single', 'algorithm']",0.5003331112591606,0.13830779480346436,2.0
"['single', 'large']",0.5129913391072618,0.13830779480346436,2.0
"['single', 'order']",0.5216522318454364,0.13830779480346436,2.0
"['single', 'paper']",0.5103264490339774,0.13830779480346436,2.0
"['single', 'case']",0.5309793471019321,0.13830779480346436,2.0
"['single', 'data']",0.5383077948034644,0.13830779480346436,2.0
"['single', 'learning']",0.5243171219187208,0.13830779480346436,2.0
"['single', 'information']",0.5656229180546303,0.13830779480346436,2.0
"['single', 'problem']",0.5569620253164557,0.13830779480346436,2.0
"['single', 'input']",0.5836109260493004,0.13830779480346436,2.0
"['single', 'model']",0.5916055962691539,0.13830779480346436,2.0
"['single', 'number']",0.6062624916722186,0.13830779480346436,2.0
"['single', 'introduction']",0.6075949367088608,0.13830779480346436,2.0
"['single', 'network']",0.6129247168554297,0.13830779480346436,2.0
"['single', 'set']",0.6289140572951366,0.13830779480346436,2.0
"['single', 'system']",0.6322451698867422,0.13830779480346436,2.0
"['single', 'neural']",0.6409060626249167,0.13830779480346436,2.0
"['single', 'function']",0.6462358427714857,0.13830779480346436,2.0
"['single', 'result']",0.6622251832111925,0.13830779480346436,2.0
"['single', 'references']",0.6695536309127248,0.13830779480346436,2.0
"['single', 'abstract']",0.6835443037974683,0.13830779480346436,2.0
"['method', 'small']",0.4936708860759494,0.13870752831445704,2.0
"['method', 'values']",0.5116588940706196,0.13870752831445704,2.0
"['method', 'output']",0.48634243837441704,0.13870752831445704,2.0
"['method', 'form']",0.5123251165889408,0.13870752831445704,2.0
"['method', 'parameter']",0.5309793471019321,0.13870752831445704,2.0
"['method', 'processing']",0.49766822118587606,0.13870752831445704,2.0
"['method', 'point']",0.5256495669553631,0.13870752831445704,2.0
"['method', 'algorithm']",0.5602931379080613,0.13870752831445704,2.0
"['method', 'large']",0.5243171219187208,0.13870752831445704,2.0
"['method', 'order']",0.5269820119920053,0.13870752831445704,2.0
"['method', 'paper']",0.5409726848767489,0.13870752831445704,2.0
"['method', 'case']",0.5423051299133911,0.13870752831445704,2.0
"['method', 'data']",0.5556295802798135,0.13870752831445704,2.0
"['method', 'learning']",0.5682878081279147,0.13870752831445704,2.0
"['method', 'information']",0.5742838107928048,0.13870752831445704,2.0
"['method', 'problem']",0.603597601598934,0.13870752831445704,2.0
"['method', 'input']",0.5516322451698867,0.13870752831445704,2.0
"['method', 'model']",0.5982678214523651,0.13870752831445704,2.0
"['method', 'number']",0.6235842771485676,0.13870752831445704,2.0
"['method', 'introduction']",0.6215856095936043,0.13870752831445704,2.0
"['method', 'network']",0.608927381745503,0.13870752831445704,2.0
"['method', 'set']",0.642238507661559,0.13870752831445704,2.0
"['method', 'system']",0.6275816122584943,0.13870752831445704,2.0
"['method', 'neural']",0.6402398401065956,0.13870752831445704,2.0
"['method', 'function']",0.654230512991339,0.13870752831445704,2.0
"['method', 'result']",0.664890073284477,0.13870752831445704,2.0
"['method', 'references']",0.6695536309127248,0.13870752831445704,2.0
"['method', 'abstract']",0.6822118587608261,0.13870752831445704,2.0
"['small', 'values']",0.513657561625583,0.13977348434377082,2.0
"['small', 'output']",0.5163224516988674,0.13977348434377082,2.0
"['small', 'form']",0.4983344437041972,0.13977348434377082,2.0
"['small', 'parameter']",0.5169886742171885,0.13977348434377082,2.0
"['small', 'processing']",0.5076615589606929,0.13977348434377082,2.0
"['small', 'point']",0.5283144570286475,0.13977348434377082,2.0
"['small', 'algorithm']",0.5183211192538307,0.13977348434377082,2.0
"['small', 'large']",0.5556295802798135,0.13977348434377082,2.0
"['small', 'order']",0.5336442371752165,0.13977348434377082,2.0
"['small', 'paper']",0.5263157894736842,0.13977348434377082,2.0
"['small', 'case']",0.5389740173217855,0.13977348434377082,2.0
"['small', 'data']",0.5536309127248501,0.13977348434377082,2.0
"['small', 'learning']",0.5423051299133911,0.13977348434377082,2.0
"['small', 'information']",0.5629580279813458,0.13977348434377082,2.0
"['small', 'problem']",0.5729513657561626,0.13977348434377082,2.0
"['small', 'input']",0.5782811459027315,0.13977348434377082,2.0
"['small', 'model']",0.5896069287141905,0.13977348434377082,2.0
"['small', 'number']",0.6269153897401732,0.13977348434377082,2.0
"['small', 'introduction']",0.6229180546302465,0.13977348434377082,2.0
"['small', 'network']",0.6142571618920719,0.13977348434377082,2.0
"['small', 'set']",0.6395736175882745,0.13977348434377082,2.0
"['small', 'system']",0.6389073950699533,0.13977348434377082,2.0
"['small', 'neural']",0.6455696202531646,0.13977348434377082,2.0
"['small', 'function']",0.6515656229180546,0.13977348434377082,2.0
"['small', 'result']",0.6715522984676882,0.13977348434377082,2.0
"['small', 'references']",0.6715522984676882,0.13977348434377082,2.0
"['small', 'abstract']",0.6915389740173218,0.13977348434377082,2.0
"['values', 'output']",0.5149900066622252,0.14097268487674883,2.0
"['values', 'form']",0.5149900066622252,0.14097268487674883,2.0
"['values', 'parameter']",0.536309127248501,0.14097268487674883,2.0
"['values', 'processing']",0.5049966688874084,0.14097268487674883,2.0
"['values', 'point']",0.5383077948034644,0.14097268487674883,2.0
"['values', 'algorithm']",0.5329780146568954,0.14097268487674883,2.0
"['values', 'large']",0.5369753497668222,0.14097268487674883,2.0
"['values', 'order']",0.5323117921385743,0.14097268487674883,2.0
"['values', 'paper']",0.5389740173217855,0.14097268487674883,2.0
"['values', 'case']",0.558294470353098,0.14097268487674883,2.0
"['values', 'data']",0.5549633577614923,0.14097268487674883,2.0
"['values', 'learning']",0.5676215856095936,0.14097268487674883,2.0
"['values', 'information']",0.5656229180546303,0.14097268487674883,2.0
"['values', 'problem']",0.5849433710859427,0.14097268487674883,2.0
"['values', 'input']",0.5789473684210527,0.14097268487674883,2.0
"['values', 'model']",0.6009327115256495,0.14097268487674883,2.0
"['values', 'number']",0.6309127248501,0.14097268487674883,2.0
"['values', 'introduction']",0.6249167221852099,0.14097268487674883,2.0
"['values', 'network']",0.6162558294470353,0.14097268487674883,2.0
"['values', 'set']",0.6515656229180546,0.14097268487674883,2.0
"['values', 'system']",0.6395736175882745,0.14097268487674883,2.0
"['values', 'neural']",0.6502331778814124,0.14097268487674883,2.0
"['values', 'function']",0.6628914057295137,0.14097268487674883,2.0
"['values', 'result']",0.6735509660226515,0.14097268487674883,2.0
"['values', 'references']",0.6822118587608261,0.14097268487674883,2.0
"['values', 'abstract']",0.6995336442371752,0.14097268487674883,2.0
"['output', 'form']",0.5089940039973351,0.1423051299133911,2.0
"['output', 'parameter']",0.5109926715522984,0.1423051299133911,2.0
"['output', 'processing']",0.5516322451698867,0.1423051299133911,2.0
"['output', 'point']",0.5156562291805463,0.1423051299133911,2.0
"['output', 'algorithm']",0.5229846768820786,0.1423051299133911,2.0
"['output', 'large']",0.5223184543637575,0.1423051299133911,2.0
"['output', 'order']",0.5343104596935376,0.1423051299133911,2.0
"['output', 'paper']",0.5323117921385743,0.1423051299133911,2.0
"['output', 'case']",0.5389740173217855,0.1423051299133911,2.0
"['output', 'data']",0.5636242504996669,0.1423051299133911,2.0
"['output', 'learning']",0.564290473017988,0.1423051299133911,2.0
"['output', 'information']",0.5796135909393737,0.1423051299133911,2.0
"['output', 'problem']",0.5789473684210527,0.1423051299133911,2.0
"['output', 'input']",0.6728847435043305,0.1423051299133911,2.0
"['output', 'model']",0.6042638241172552,0.1423051299133911,2.0
"['output', 'number']",0.6222518321119254,0.1423051299133911,2.0
"['output', 'introduction']",0.6262491672218521,0.1423051299133911,2.0
"['output', 'network']",0.6562291805463024,0.1423051299133911,2.0
"['output', 'set']",0.653564290473018,0.1423051299133911,2.0
"['output', 'system']",0.664890073284477,0.1423051299133911,2.0
"['output', 'neural']",0.6742171885409727,0.1423051299133911,2.0
"['output', 'function']",0.6615589606928715,0.1423051299133911,2.0
"['output', 'result']",0.6788807461692206,0.1423051299133911,2.0
"['output', 'references']",0.6842105263157895,0.1423051299133911,2.0
"['output', 'abstract']",0.7008660892738174,0.1423051299133911,2.0
"['form', 'parameter']",0.5256495669553631,0.14243837441705529,2.0
"['form', 'processing']",0.5109926715522984,0.14243837441705529,2.0
"['form', 'point']",0.5336442371752165,0.14243837441705529,2.0
"['form', 'algorithm']",0.5316455696202531,0.14243837441705529,2.0
"['form', 'large']",0.5156562291805463,0.14243837441705529,2.0
"['form', 'order']",0.5376415722851432,0.14243837441705529,2.0
"['form', 'paper']",0.5502998001332445,0.14243837441705529,2.0
"['form', 'case']",0.5616255829447035,0.14243837441705529,2.0
"['form', 'data']",0.5496335776149234,0.14243837441705529,2.0
"['form', 'learning']",0.5669553630912725,0.14243837441705529,2.0
"['form', 'information']",0.5802798134576949,0.14243837441705529,2.0
"['form', 'problem']",0.5882744836775483,0.14243837441705529,2.0
"['form', 'input']",0.5829447035309794,0.14243837441705529,2.0
"['form', 'model']",0.6135909393737509,0.14243837441705529,2.0
"['form', 'number']",0.6175882744836776,0.14243837441705529,2.0
"['form', 'introduction']",0.6302465023317788,0.14243837441705529,2.0
"['form', 'network']",0.631578947368421,0.14243837441705529,2.0
"['form', 'set']",0.6489007328447701,0.14243837441705529,2.0
"['form', 'system']",0.6489007328447701,0.14243837441705529,2.0
"['form', 'neural']",0.6588940706195869,0.14243837441705529,2.0
"['form', 'function']",0.6708860759493671,0.14243837441705529,2.0
"['form', 'result']",0.6788807461692206,0.14243837441705529,2.0
"['form', 'references']",0.6862091938707529,0.14243837441705529,2.0
"['form', 'abstract']",0.7028647568287808,0.14243837441705529,2.0
"['parameter', 'processing']",0.508327781479014,0.1429713524317122,2.0
"['parameter', 'point']",0.5396402398401066,0.1429713524317122,2.0
"['parameter', 'algorithm']",0.5436375749500333,0.1429713524317122,2.0
"['parameter', 'large']",0.5376415722851432,0.1429713524317122,2.0
"['parameter', 'order']",0.5456362425049966,0.1429713524317122,2.0
"['parameter', 'paper']",0.5423051299133911,0.1429713524317122,2.0
"['parameter', 'case']",0.5616255829447035,0.1429713524317122,2.0
"['parameter', 'data']",0.5649566955363091,0.1429713524317122,2.0
"['parameter', 'learning']",0.5736175882744837,0.1429713524317122,2.0
"['parameter', 'information']",0.5742838107928048,0.1429713524317122,2.0
"['parameter', 'problem']",0.5889407061958695,0.1429713524317122,2.0
"['parameter', 'input']",0.5776149233844103,0.1429713524317122,2.0
"['parameter', 'model']",0.6229180546302465,0.1429713524317122,2.0
"['parameter', 'number']",0.6355762824783477,0.1429713524317122,2.0
"['parameter', 'introduction']",0.631578947368421,0.1429713524317122,2.0
"['parameter', 'network']",0.6322451698867422,0.1429713524317122,2.0
"['parameter', 'set']",0.6602265156562291,0.1429713524317122,2.0
"['parameter', 'system']",0.6489007328447701,0.1429713524317122,2.0
"['parameter', 'neural']",0.6608927381745503,0.1429713524317122,2.0
"['parameter', 'function']",0.6822118587608261,0.1429713524317122,2.0
"['parameter', 'result']",0.6782145236508994,0.1429713524317122,2.0
"['parameter', 'references']",0.6915389740173218,0.1429713524317122,2.0
"['parameter', 'abstract']",0.704197201865423,0.1429713524317122,2.0
"['processing', 'point']",0.519653564290473,0.14443704197201865,2.0
"['processing', 'algorithm']",0.5463024650233178,0.14443704197201865,2.0
"['processing', 'large']",0.5236508994003998,0.14443704197201865,2.0
"['processing', 'order']",0.536309127248501,0.14443704197201865,2.0
"['processing', 'paper']",0.5369753497668222,0.14443704197201865,2.0
"['processing', 'case']",0.5483011325782812,0.14443704197201865,2.0
"['processing', 'data']",0.5689540306462358,0.14443704197201865,2.0
"['processing', 'learning']",0.5636242504996669,0.14443704197201865,2.0
"['processing', 'information']",0.6389073950699533,0.14443704197201865,2.0
"['processing', 'problem']",0.592271818787475,0.14443704197201865,2.0
"['processing', 'input']",0.6155896069287142,0.14443704197201865,2.0
"['processing', 'model']",0.6182544970019986,0.14443704197201865,2.0
"['processing', 'number']",0.6329113924050633,0.14443704197201865,2.0
"['processing', 'introduction']",0.6369087275149901,0.14443704197201865,2.0
"['processing', 'network']",0.6462358427714857,0.14443704197201865,2.0
"['processing', 'set']",0.6555629580279814,0.14443704197201865,2.0
"['processing', 'system']",0.6882078614257162,0.14443704197201865,2.0
"['processing', 'neural']",0.6828780812791473,0.14443704197201865,2.0
"['processing', 'function']",0.6682211858760826,0.14443704197201865,2.0
"['processing', 'result']",0.6795469686875416,0.14443704197201865,2.0
"['processing', 'references']",0.6988674217188541,0.14443704197201865,2.0
"['processing', 'abstract']",0.7115256495669554,0.14443704197201865,2.0
"['point', 'algorithm']",0.5483011325782812,0.14497001998667555,2.0
"['point', 'large']",0.5483011325782812,0.14497001998667555,2.0
"['point', 'order']",0.5436375749500333,0.14497001998667555,2.0
"['point', 'paper']",0.5602931379080613,0.14497001998667555,2.0
"['point', 'case']",0.5736175882744837,0.14497001998667555,2.0
"['point', 'data']",0.5682878081279147,0.14497001998667555,2.0
"['point', 'learning']",0.5669553630912725,0.14497001998667555,2.0
"['point', 'information']",0.5882744836775483,0.14497001998667555,2.0
"['point', 'problem']",0.6102598267821452,0.14497001998667555,2.0
"['point', 'input']",0.5842771485676216,0.14497001998667555,2.0
"['point', 'model']",0.6155896069287142,0.14497001998667555,2.0
"['point', 'number']",0.6402398401065956,0.14497001998667555,2.0
"['point', 'introduction']",0.6409060626249167,0.14497001998667555,2.0
"['point', 'network']",0.6355762824783477,0.14497001998667555,2.0
"['point', 'set']",0.6582278481012658,0.14497001998667555,2.0
"['point', 'system']",0.6582278481012658,0.14497001998667555,2.0
"['point', 'neural']",0.6655562958027982,0.14497001998667555,2.0
"['point', 'function']",0.6862091938707529,0.14497001998667555,2.0
"['point', 'result']",0.6882078614257162,0.14497001998667555,2.0
"['point', 'references']",0.698201199200533,0.14497001998667555,2.0
"['point', 'abstract']",0.714856762158561,0.14497001998667555,2.0
"['algorithm', 'large']",0.5409726848767489,0.145236508994004,2.0
"['algorithm', 'order']",0.5489673550966022,0.145236508994004,2.0
"['algorithm', 'paper']",0.5636242504996669,0.145236508994004,2.0
"['algorithm', 'case']",0.564290473017988,0.145236508994004,2.0
"['algorithm', 'data']",0.5896069287141905,0.145236508994004,2.0
"['algorithm', 'learning']",0.620253164556962,0.145236508994004,2.0
"['algorithm', 'information']",0.603597601598934,0.145236508994004,2.0
"['algorithm', 'problem']",0.6482345103264491,0.145236508994004,2.0
"['algorithm', 'input']",0.5782811459027315,0.145236508994004,2.0
"['algorithm', 'model']",0.6115922718187875,0.145236508994004,2.0
"['algorithm', 'number']",0.6449033977348434,0.145236508994004,2.0
"['algorithm', 'introduction']",0.6395736175882745,0.145236508994004,2.0
"['algorithm', 'network']",0.6362425049966689,0.145236508994004,2.0
"['algorithm', 'set']",0.6802131912058628,0.145236508994004,2.0
"['algorithm', 'system']",0.6588940706195869,0.145236508994004,2.0
"['algorithm', 'neural']",0.6675549633577615,0.145236508994004,2.0
"['algorithm', 'function']",0.6755496335776149,0.145236508994004,2.0
"['algorithm', 'result']",0.6922051965356429,0.145236508994004,2.0
"['algorithm', 'references']",0.6995336442371752,0.145236508994004,2.0
"['algorithm', 'abstract']",0.7135243171219188,0.145236508994004,2.0
"['large', 'order']",0.5489673550966022,0.145236508994004,2.0
"['large', 'paper']",0.5409726848767489,0.145236508994004,2.0
"['large', 'case']",0.5616255829447035,0.145236508994004,2.0
"['large', 'data']",0.5762824783477681,0.145236508994004,2.0
"['large', 'learning']",0.5709526982011992,0.145236508994004,2.0
"['large', 'information']",0.5816122584943371,0.145236508994004,2.0
"['large', 'problem']",0.6009327115256495,0.145236508994004,2.0
"['large', 'input']",0.5909393737508328,0.145236508994004,2.0
"['large', 'model']",0.6129247168554297,0.145236508994004,2.0
"['large', 'number']",0.6489007328447701,0.145236508994004,2.0
"['large', 'introduction']",0.64290473017988,0.145236508994004,2.0
"['large', 'network']",0.6375749500333111,0.145236508994004,2.0
"['large', 'set']",0.6608927381745503,0.145236508994004,2.0
"['large', 'system']",0.6595602931379081,0.145236508994004,2.0
"['large', 'neural']",0.6688874083944037,0.145236508994004,2.0
"['large', 'function']",0.6742171885409727,0.145236508994004,2.0
"['large', 'result']",0.6975349766822119,0.145236508994004,2.0
"['large', 'references']",0.6968687541638907,0.145236508994004,2.0
"['large', 'abstract']",0.7175216522318454,0.145236508994004,2.0
"['order', 'paper']",0.5529646902065289,0.14723517654896737,2.0
"['order', 'case']",0.5829447035309794,0.14723517654896737,2.0
"['order', 'data']",0.5689540306462358,0.14723517654896737,2.0
"['order', 'learning']",0.5736175882744837,0.14723517654896737,2.0
"['order', 'information']",0.597601598934044,0.14723517654896737,2.0
"['order', 'problem']",0.6069287141905396,0.14723517654896737,2.0
"['order', 'input']",0.6082611592271818,0.14723517654896737,2.0
"['order', 'model']",0.6322451698867422,0.14723517654896737,2.0
"['order', 'number']",0.6555629580279814,0.14723517654896737,2.0
"['order', 'introduction']",0.6489007328447701,0.14723517654896737,2.0
"['order', 'network']",0.6462358427714857,0.14723517654896737,2.0
"['order', 'set']",0.6742171885409727,0.14723517654896737,2.0
"['order', 'system']",0.676215856095936,0.14723517654896737,2.0
"['order', 'neural']",0.6868754163890739,0.14723517654896737,2.0
"['order', 'function']",0.6935376415722851,0.14723517654896737,2.0
"['order', 'result']",0.7028647568287808,0.14723517654896737,2.0
"['order', 'references']",0.709526982011992,0.14723517654896737,2.0
"['order', 'abstract']",0.7275149900066622,0.14723517654896737,2.0
"['paper', 'case']",0.5876082611592272,0.14790139906728847,2.0
"['paper', 'data']",0.5769487008660893,0.14790139906728847,2.0
"['paper', 'learning']",0.5889407061958695,0.14790139906728847,2.0
"['paper', 'information']",0.6042638241172552,0.14790139906728847,2.0
"['paper', 'problem']",0.6282478347768155,0.14790139906728847,2.0
"['paper', 'input']",0.5982678214523651,0.14790139906728847,2.0
"['paper', 'model']",0.6389073950699533,0.14790139906728847,2.0
"['paper', 'number']",0.6575616255829447,0.14790139906728847,2.0
"['paper', 'introduction']",0.6575616255829447,0.14790139906728847,2.0
"['paper', 'network']",0.6502331778814124,0.14790139906728847,2.0
"['paper', 'set']",0.6775483011325782,0.14790139906728847,2.0
"['paper', 'system']",0.6722185209860093,0.14790139906728847,2.0
"['paper', 'neural']",0.6842105263157895,0.14790139906728847,2.0
"['paper', 'function']",0.6935376415722851,0.14790139906728847,2.0
"['paper', 'result']",0.7048634243837442,0.14790139906728847,2.0
"['paper', 'references']",0.7141905396402398,0.14790139906728847,2.0
"['paper', 'abstract']",0.7341772151898734,0.14790139906728847,2.0
"['case', 'data']",0.5856095936042638,0.15176548967355097,2.0
"['case', 'learning']",0.6049300466355763,0.15176548967355097,2.0
"['case', 'information']",0.6189207195203198,0.15176548967355097,2.0
"['case', 'problem']",0.6335776149233844,0.15176548967355097,2.0
"['case', 'input']",0.6122584943371085,0.15176548967355097,2.0
"['case', 'model']",0.6442371752165224,0.15176548967355097,2.0
"['case', 'number']",0.6682211858760826,0.15176548967355097,2.0
"['case', 'introduction']",0.6742171885409727,0.15176548967355097,2.0
"['case', 'network']",0.6628914057295137,0.15176548967355097,2.0
"['case', 'set']",0.6962025316455697,0.15176548967355097,2.0
"['case', 'system']",0.6835443037974683,0.15176548967355097,2.0
"['case', 'neural']",0.7001998667554963,0.15176548967355097,2.0
"['case', 'function']",0.7135243171219188,0.15176548967355097,2.0
"['case', 'result']",0.7268487674883412,0.15176548967355097,2.0
"['case', 'references']",0.7341772151898734,0.15176548967355097,2.0
"['case', 'abstract']",0.7514990006662225,0.15176548967355097,2.0
"['data', 'learning']",0.608927381745503,0.15256495669553632,2.0
"['data', 'information']",0.6295802798134577,0.15256495669553632,2.0
"['data', 'problem']",0.6375749500333111,0.15256495669553632,2.0
"['data', 'input']",0.6235842771485676,0.15256495669553632,2.0
"['data', 'model']",0.6602265156562291,0.15256495669553632,2.0
"['data', 'number']",0.670219853431046,0.15256495669553632,2.0
"['data', 'introduction']",0.6748834110592938,0.15256495669553632,2.0
"['data', 'network']",0.6708860759493671,0.15256495669553632,2.0
"['data', 'set']",0.7068620919387075,0.15256495669553632,2.0
"['data', 'system']",0.6895403064623584,0.15256495669553632,2.0
"['data', 'neural']",0.7075283144570287,0.15256495669553632,2.0
"['data', 'function']",0.7068620919387075,0.15256495669553632,2.0
"['data', 'result']",0.7255163224516988,0.15256495669553632,2.0
"['data', 'references']",0.7361758827448368,0.15256495669553632,2.0
"['data', 'abstract']",0.7514990006662225,0.15256495669553632,2.0
"['learning', 'information']",0.6395736175882745,0.1536309127248501,2.0
"['learning', 'problem']",0.6655562958027982,0.1536309127248501,2.0
"['learning', 'input']",0.6342438374417055,0.1536309127248501,2.0
"['learning', 'model']",0.6568954030646236,0.1536309127248501,2.0
"['learning', 'number']",0.6868754163890739,0.1536309127248501,2.0
"['learning', 'introduction']",0.6715522984676882,0.1536309127248501,2.0
"['learning', 'network']",0.6842105263157895,0.1536309127248501,2.0
"['learning', 'set']",0.7201865423051299,0.1536309127248501,2.0
"['learning', 'system']",0.6955363091272485,0.1536309127248501,2.0
"['learning', 'neural']",0.7121918720852765,0.1536309127248501,2.0
"['learning', 'function']",0.7188540972684877,0.1536309127248501,2.0
"['learning', 'result']",0.7295136575616256,0.1536309127248501,2.0
"['learning', 'references']",0.7415056628914057,0.1536309127248501,2.0
"['learning', 'abstract']",0.754163890739507,0.1536309127248501,2.0
"['information', 'problem']",0.6688874083944037,0.15989340439706864,2.0
"['information', 'input']",0.6555629580279814,0.15989340439706864,2.0
"['information', 'model']",0.6862091938707529,0.15989340439706864,2.0
"['information', 'number']",0.7048634243837442,0.15989340439706864,2.0
"['information', 'introduction']",0.704197201865423,0.15989340439706864,2.0
"['information', 'network']",0.7021985343104596,0.15989340439706864,2.0
"['information', 'set']",0.7348434377081945,0.15989340439706864,2.0
"['information', 'system']",0.7435043304463691,0.15989340439706864,2.0
"['information', 'neural']",0.7468354430379747,0.15989340439706864,2.0
"['information', 'function']",0.7415056628914057,0.15989340439706864,2.0
"['information', 'result']",0.760159893404397,0.15989340439706864,2.0
"['information', 'references']",0.7721518987341772,0.15989340439706864,2.0
"['information', 'abstract']",0.787475016655563,0.15989340439706864,2.0
"['problem', 'input']",0.6455696202531646,0.1608261159227182,2.0
"['problem', 'model']",0.6802131912058628,0.1608261159227182,2.0
"['problem', 'number']",0.7161892071952032,0.1608261159227182,2.0
"['problem', 'introduction']",0.709526982011992,0.1608261159227182,2.0
"['problem', 'network']",0.7061958694203864,0.1608261159227182,2.0
"['problem', 'set']",0.7514990006662225,0.1608261159227182,2.0
"['problem', 'system']",0.7308461025982678,0.1608261159227182,2.0
"['problem', 'neural']",0.7421718854097269,0.1608261159227182,2.0
"['problem', 'function']",0.7514990006662225,0.1608261159227182,2.0
"['problem', 'result']",0.7641572285143238,0.1608261159227182,2.0
"['problem', 'references']",0.776149233844104,0.1608261159227182,2.0
"['problem', 'abstract']",0.7908061292471685,0.1608261159227182,2.0
"['input', 'model']",0.6855429713524317,0.16109260493004665,2.0
"['input', 'number']",0.7015323117921386,0.16109260493004665,2.0
"['input', 'introduction']",0.7055296469020653,0.16109260493004665,2.0
"['input', 'network']",0.7475016655562958,0.16109260493004665,2.0
"['input', 'set']",0.7335109926715523,0.16109260493004665,2.0
"['input', 'system']",0.7495003331112592,0.16109260493004665,2.0
"['input', 'neural']",0.7621585609593604,0.16109260493004665,2.0
"['input', 'function']",0.7508327781479014,0.16109260493004665,2.0
"['input', 'result']",0.7681545636242505,0.16109260493004665,2.0
"['input', 'references']",0.7754830113257828,0.16109260493004665,2.0
"['input', 'abstract']",0.7941372418387741,0.16109260493004665,2.0
"['model', 'number']",0.7315123251165889,0.16868754163890742,2.0
"['model', 'introduction']",0.7395069953364424,0.16868754163890742,2.0
"['model', 'network']",0.7381745502998002,0.16868754163890742,2.0
"['model', 'set']",0.7641572285143238,0.16868754163890742,2.0
"['model', 'system']",0.7714856762158561,0.16868754163890742,2.0
"['model', 'neural']",0.7748167888074617,0.16868754163890742,2.0
"['model', 'function']",0.7888074616922052,0.16868754163890742,2.0
"['model', 'result']",0.8001332445036642,0.16868754163890742,2.0
"['model', 'references']",0.8094603597601598,0.16868754163890742,2.0
"['model', 'abstract']",0.8274483677548301,0.16868754163890742,2.0
"['number', 'introduction']",0.7588274483677548,0.1725516322451699,2.0
"['number', 'network']",0.7548301132578281,0.1725516322451699,2.0
"['number', 'set']",0.7961359093937375,0.1725516322451699,2.0
"['number', 'system']",0.7868087941372418,0.1725516322451699,2.0
"['number', 'neural']",0.7941372418387741,0.1725516322451699,2.0
"['number', 'function']",0.8027981345769487,0.1725516322451699,2.0
"['number', 'result']",0.8234510326449034,0.1725516322451699,2.0
"['number', 'references']",0.8314457028647568,0.1725516322451699,2.0
"['number', 'abstract']",0.8500999333777481,0.1725516322451699,2.0
"['introduction', 'network']",0.7628247834776816,0.17321785476349102,2.0
"['introduction', 'set']",0.7901399067288475,0.17321785476349102,2.0
"['introduction', 'system']",0.787475016655563,0.17321785476349102,2.0
"['introduction', 'neural']",0.8007994670219853,0.17321785476349102,2.0
"['introduction', 'function']",0.8041305796135909,0.17321785476349102,2.0
"['introduction', 'result']",0.8274483677548301,0.17321785476349102,2.0
"['introduction', 'references']",0.8367754830113258,0.17321785476349102,2.0
"['introduction', 'abstract']",0.860093271152565,0.17321785476349102,2.0
"['network', 'set']",0.7868087941372418,0.17335109926715525,2.0
"['network', 'system']",0.7974683544303798,0.17335109926715525,2.0
"['network', 'neural']",0.8361092604930047,0.17335109926715525,2.0
"['network', 'function']",0.8067954696868754,0.17335109926715525,2.0
"['network', 'result']",0.8307794803464357,0.17335109926715525,2.0
"['network', 'references']",0.832778147901399,0.17335109926715525,2.0
"['network', 'abstract']",0.8507661558960693,0.17335109926715525,2.0
"['set', 'system']",0.8154563624250499,0.1793471019320453,2.0
"['set', 'neural']",0.8281145902731513,0.1793471019320453,2.0
"['set', 'function']",0.8361092604930047,0.1793471019320453,2.0
"['set', 'result']",0.8527648234510327,0.1793471019320453,2.0
"['set', 'references']",0.8640906062624917,0.1793471019320453,2.0
"['set', 'abstract']",0.8820786142571619,0.1793471019320453,2.0
"['system', 'neural']",0.8421052631578947,0.18001332445036644,2.0
"['system', 'function']",0.8341105929380414,0.18001332445036644,2.0
"['system', 'result']",0.8534310459693538,0.18001332445036644,2.0
"['system', 'references']",0.8654230512991339,0.18001332445036644,2.0
"['system', 'abstract']",0.8854097268487675,0.18001332445036644,2.0
"['neural', 'function']",0.8487674883411059,0.18214523650899403,2.0
"['neural', 'result']",0.8634243837441705,0.18214523650899403,2.0
"['neural', 'references']",0.8754163890739507,0.18214523650899403,2.0
"['neural', 'abstract']",0.8947368421052632,0.18214523650899403,2.0
"['function', 'result']",0.8720852764823451,0.18347768154563626,2.0
"['function', 'references']",0.8840772818121253,0.18347768154563626,2.0
"['function', 'abstract']",0.9027315123251166,0.18347768154563626,2.0
"['result', 'references']",0.90473017988008,0.18760826115922719,2.0
"['result', 'abstract']",0.9253830779480346,0.18760826115922719,2.0
"['references', 'abstract']",0.9400399733510992,0.18974017321785477,2.0
